groundfloor,AH-6BBC3F
groundfloor,AH-33C830
groundfloor,AH-682C4D
groundfloor,AH-CDC4AF
groundfloor,AH-8F0808
groundfloor,AH-AD50DD
groundfloor,AH-442659
groundfloor,AH-5D4C9F
groundfloor,AH-1D730B
groundfloor,AH-88675A
groundfloor,AH-E39E10
groundfloor,AH-73E1C0
groundfloor,AH-FC2312
groundfloor,AH-F4B00E
groundfloor,AH-348DB4
floor0,AH-497D0D
floor0,AH-8F72B1
floor0,AH-1B5571
floor0,AH-517F00
floor0,AH-4931D8
floor0,AH-6F4A52
floor0,AH-915A4B
floor0,AH-E97636
floor0,AH-B34E3E
floor0,AH-87EFF1
floor0,AH-784E78
floor0,AH-CB919B
floor0,AH-8352CB
floor0,AH-D1D46E
floor0,AH-729F71
floor0,AH-A674BA
floor0,AH-6F7DC8
floor0,AH-71979D
floor0,AH-42DD1B
floor0,AH-4F81D4
floor0,AH-CAD4EE
floor0,AH-11EBCB
floor0,AH-F80C9B
floor0,AH-ABE372
floor0,AH-C11026
floor0,AH-BB3891
floor0,AH-9A0229
floor0,AH-6E30DF
floor0,AH-F33C40
floor0,AH-86B0CF
floor0,AH-8CD674
floor0,AH-ED2CBA
floor0,AH-D7F6C9
floor0,AH-22F9D2
floor1,AH-E8F7F8
floor1,AH-C45C1D
floor1,AH-2C9254
floor1,AH-99D90F
floor1,AH-EC0E64
floor1,AH-9827FF
floor1,AH-3F84F6
floor1,AH-910379
floor1,AH-F5E781
floor1,AH-D421D7
floor1,AH-CE78B7
floor1,AH-1E68C8
floor1,AH-7B9EF3
floor1,AH-561FA0
floor1,AH-A57039
floor1,AH-128F47
floor1,AH-B57B7E
floor1,AH-F372C8
floor1,AH-8EEFE8
floor1,AH-7CADB3
floor1,AH-91422E
floor1,AH-91C0A5
floor1,AH-893E60
floor1,AH-43CB02
floor1,AH-BB03A2
floor1,AH-123A7B
floor1,AH-90D4E4
floor1,AH-7C5520
floor1,AH-F80EB1
floor1,AH-A75E3A
floor1,AH-BE4313
floor1,AH-A119DD
floor1,AH-EA486D
floor1,AH-74573B
floor2,AH-F6B765
floor2,AH-6F0EC1
floor2,AH-683309
floor2,AH-C8EEE9
floor2,AH-B027D0
floor2,AH-92FBB1
floor2,AH-A24413
floor2,AH-24B29E
floor2,AH-A142BF
floor2,AH-48A577
floor2,AH-A77236
floor2,AH-EA02B6
floor2,AH-330995
floor2,AH-C35999
floor2,AH-966FA7
floor2,AH-8CAEBB
floor2,AH-76EFB3
floor2,AH-43FAFA
floor2,AH-A27515
floor2,AH-B4DFCD
floor2,AH-771E69
floor2,AH-6F6D86
floor2,AH-CEA4DD
floor2,AH-24402B
floor2,AH-EE1E1B
floor2,AH-7E770D
floor2,AH-949AF8
floor2,AH-B7B0FF
floor2,AH-3CD520
floor2,AH-61C5A4
floor2,AH-AD4406
floor2,AH-1049FE
floor2,AH-696BC5
floor3,AH-B66A44
floor3,AH-3EEAEF
floor3,AH-1AF1A9
floor3,AH-23F1AB
floor3,AH-300ACE
floor3,AH-BC8D18
floor3,AH-E60988
floor3,AH-E1274C
floor3,AH-B51496
floor3,AH-552EA8
floor3,AH-B955E2
floor3,AH-BE246F
floor3,AH-871E6A
floor3,AH-F80203
floor3,AH-284891
floor3,AH-B6857E
floor3,AH-4015F4
floor3,AH-3B110B
floor3,AH-554403
floor3,AH-6CF197
floor3,AH-6CE6B9
floor3,AH-17B4F9
floor3,AH-E52C99
floor3,AH-9C76A4
floor3,AH-69F88A
floor3,AH-507CF9
floor3,AH-43D102
floor3,AH-1757D8
floor3,AH-585AE2
floor3,AH-AAF93A
floor3,AH-5664BC
floor3,AH-CFE4BA
floor3,AH-6A9BA3
floor3,AH-30C24E
